{
    "rulerDataList": [],
    "rectangleDataList": [],
    "circleDataList": [],
    "triangleDataList": [],
    "textDataList": [
        {
            "annotationID": "text211",
            "annotationType": 2,
            "text": "prvi",
            "position": {
                "x": 2.7053568363189699,
                "y": 0.25618448853492739,
                "z": -0.395260214805603
            }
        },
        {
            "annotationID": "text129",
            "annotationType": 2,
            "text": "drugi",
            "position": {
                "x": 2.7269530296325685,
                "y": 0.24129876494407655,
                "z": 0.2811397910118103
            }
        }
    ]
}