{
    "rulerDataList": [
        {
            "annotationID": "ruler620",
            "annotationType": 1,
            "shapeType": 1,
            "color": {
                "r": 0.0,
                "g": 0.0,
                "b": 0.0,
                "a": 1.0
            },
            "distance": 0.0,
            "vertices": [
                {
                    "x": 0.5,
                    "y": 0.0,
                    "z": 0.0
                },
                {
                    "x": 2.9406356811523439,
                    "y": 0.399244099855423,
                    "z": 0.30900493264198305
                },
                {
                    "x": 2.782824993133545,
                    "y": -0.2010849565267563,
                    "z": 0.41773200035095217
                },
                {
                    "x": 2.9990601539611818,
                    "y": -0.09571134299039841,
                    "z": 0.23100760579109193
                }
            ]
        }
    ],
    "rectangleDataList": [],
    "circleDataList": [],
    "triangleDataList": [],
    "textDataList": []
}